{
  "logreg": {
    "model": "Logistic Regression",
    "accuracy": 0.9826666666666667,
    "ham": {
      "precision": 0.9840499306518724,
      "recall": 0.946,
      "f1": 0.964649898028552
    },
    "spam": {
      "precision": 0.9822290478279947,
      "recall": 0.9948888888888889,
      "f1": 0.9885184367410025
    },
    "average_precision": 0.9976980291822111
  },
  "naive_bayes": {
    "model": "Multinomial NB",
    "accuracy": 0.9826666666666667,
    "ham": {
      "precision": 0.9659546061415221,
      "recall": 0.9646666666666667,
      "f1": 0.9653102068045364
    },
    "spam": {
      "precision": 0.9882274544646824,
      "recall": 0.9886666666666667,
      "f1": 0.988447011775161
    },
    "average_precision": 0.9994018722386275
  }
}